,home_team,away_team,predicted_score,score_probability,second_most_likely_score,second_score_probability,third_most_likely_score,third_score_probability,expected_home_goals,expected_away_goals
0,Augsburg,Bayer Leverkusen,1-1,0.1125,1-2,0.105,0-1,0.0813,1.1444,1.9164
1,Augsburg,Bayern Munich,0-2,0.0884,1-2,0.0874,0-3,0.081,0.9942,2.8057
2,Augsburg,Borussia Dortmund,1-1,0.1094,1-2,0.0927,0-1,0.0848,1.1021,1.9709
3,Augsburg,Borussia Monchengladbach,1-1,0.1273,2-1,0.0905,1-2,0.0805,1.5085,1.3425
4,Augsburg,Eintracht Frankfurt,1-1,0.1266,1-2,0.0905,2-1,0.077,1.3563,1.5522
5,Augsburg,Elversberg,1-1,0.137,1-0,0.1317,0-0,0.1099,1.4398,0.8907
6,Augsburg,Freiburg,1-1,0.1322,1-2,0.0855,2-1,0.0844,1.3924,1.4269
7,Augsburg,Hamburger SV,1-1,0.136,1-0,0.0931,0-0,0.0886,1.4469,1.1382
8,Augsburg,Hoffenheim,1-1,0.1242,1-2,0.0834,2-1,0.0822,1.549,1.5899
9,Augsburg,Koln,1-1,0.1351,2-1,0.0968,1-0,0.0868,1.5293,1.1993
10,Augsburg,Mainz,1-1,0.1367,2-1,0.0856,0-0,0.0828,1.3049,1.3565
11,Augsburg,Paderborn,1-0,0.1447,1-1,0.1305,2-0,0.1141,1.5001,0.7976
12,Augsburg,RB Leipzig,1-1,0.1174,1-2,0.0914,0-1,0.0814,1.2021,1.7713
13,Augsburg,Schalke,1-1,0.1264,2-0,0.0991,1-0,0.0959,1.7501,1.0401
14,Augsburg,Stuttgart,1-1,0.1211,1-2,0.0979,0-1,0.0758,1.2602,1.772
15,Augsburg,Union Berlin,1-1,0.1393,0-0,0.0943,1-0,0.0919,1.3268,1.1742
16,Augsburg,Werder Bremen,1-1,0.127,1-0,0.0894,2-1,0.0888,1.4849,1.2305
17,Bayer Leverkusen,Augsburg,2-0,0.1099,2-1,0.0971,1-1,0.0873,2.356,0.8894
18,Bayer Leverkusen,Bayern Munich,1-2,0.0874,1-1,0.0849,2-2,0.0718,1.6378,2.0873
19,Bayer Leverkusen,Borussia Dortmund,1-1,0.102,2-1,0.0953,1-2,0.0744,1.8946,1.4866
20,Bayer Leverkusen,Borussia Monchengladbach,2-0,0.0946,2-1,0.0929,1-1,0.0894,2.4192,1.019
21,Bayer Leverkusen,Eintracht Frankfurt,2-1,0.0964,1-1,0.0958,2-0,0.0841,2.3123,1.1545
22,Bayer Leverkusen,Elversberg,2-0,0.1263,3-0,0.1084,1-0,0.1007,2.4847,0.6939
23,Bayer Leverkusen,Freiburg,2-0,0.095,2-1,0.0947,1-1,0.0894,2.3624,1.0353
24,Bayer Leverkusen,Hamburger SV,2-0,0.1189,2-1,0.097,1-0,0.0926,2.2236,0.8407
25,Bayer Leverkusen,Hoffenheim,2-1,0.0921,2-0,0.0797,3-1,0.0784,2.517,1.1552
26,Bayer Leverkusen,Koln,2-0,0.1026,2-1,0.0948,3-0,0.08,2.5202,0.91
27,Bayer Leverkusen,Mainz,1-1,0.1031,2-0,0.1003,2-1,0.0993,2.1155,0.9911
28,Bayer Leverkusen,Paderborn,2-0,0.1349,3-0,0.1159,1-0,0.1005,2.5684,0.6239
29,Bayer Leverkusen,RB Leipzig,1-1,0.1125,2-1,0.0956,2-0,0.0725,1.9351,1.3125
30,Bayer Leverkusen,Schalke,2-0,0.1101,3-0,0.1032,2-1,0.0871,2.8569,0.787
31,Bayer Leverkusen,Stuttgart,1-1,0.099,2-1,0.0927,2-0,0.0705,2.1132,1.3637
32,Bayer Leverkusen,Union Berlin,2-0,0.1028,1-1,0.1008,2-1,0.0946,2.1644,0.9231
33,Bayer Leverkusen,Werder Bremen,2-0,0.1041,2-1,0.0935,1-1,0.0921,2.3417,0.9297
34,Bayern Munich,Augsburg,3-0,0.0981,3-1,0.0847,2-0,0.0833,3.3719,0.8359
35,Bayern Munich,Bayer Leverkusen,2-1,0.0895,3-1,0.0761,1-1,0.0728,2.6408,1.3092
36,Bayern Munich,Borussia Dortmund,2-1,0.0868,3-1,0.0791,1-1,0.0682,2.714,1.381
37,Bayern Munich,Borussia Monchengladbach,3-0,0.0914,3-1,0.0859,2-0,0.0749,3.3735,0.9173
38,Bayern Munich,Eintracht Frankfurt,3-1,0.0787,3-0,0.0721,2-1,0.0694,3.412,1.0984
39,Bayern Munich,Elversberg,3-0,0.1123,4-0,0.0969,2-0,0.0941,3.6071,0.6402
40,Bayern Munich,Freiburg,3-0,0.0844,3-1,0.0787,4-0,0.076,3.3946,0.9326
41,Bayern Munich,Hamburger SV,2-0,0.0991,3-0,0.0983,4-0,0.0834,3.1611,0.7799
42,Bayern Munich,Hoffenheim,3-1,0.0762,3-0,0.0712,4-1,0.0709,3.6303,1.0487
43,Bayern Munich,Koln,3-0,0.0935,4-0,0.0807,2-0,0.0805,3.5924,0.8051
44,Bayern Munich,Mainz,3-0,0.0915,2-0,0.0894,2-1,0.0833,3.0289,0.8953
45,Bayern Munich,Paderborn,3-0,0.1172,4-0,0.112,2-0,0.0958,3.6778,0.5733
46,Bayern Munich,RB Leipzig,2-1,0.0873,3-1,0.0839,2-0,0.0745,2.7857,1.1738
47,Bayern Munich,Schalke,4-0,0.0962,3-0,0.091,5-0,0.0786,4.1069,0.7092
48,Bayern Munich,Stuttgart,3-1,0.0817,2-1,0.0805,2-0,0.0697,3.007,1.1739
49,Bayern Munich,Union Berlin,3-0,0.1022,2-0,0.0986,3-1,0.0778,3.0958,0.7879
50,Bayern Munich,Werder Bremen,3-0,0.0965,2-0,0.0878,3-1,0.082,3.3362,0.8277
51,Borussia Dortmund,Augsburg,2-1,0.1017,2-0,0.1009,3-0,0.0912,2.3956,0.8968
52,Borussia Dortmund,Bayer Leverkusen,1-1,0.1104,2-1,0.092,1-2,0.0749,1.8174,1.4855
53,Borussia Dortmund,Bayern Munich,1-2,0.0883,1-1,0.0861,2-2,0.0679,1.6563,2.0845
54,Borussia Dortmund,Borussia Monchengladbach,2-1,0.0945,2-0,0.0942,1-1,0.0853,2.4489,1.0187
55,Borussia Dortmund,Eintracht Frankfurt,2-1,0.0961,1-1,0.0893,3-1,0.0767,2.3807,1.2356
56,Borussia Dortmund,Elversberg,2-0,0.1251,3-0,0.1022,1-0,0.0951,2.4196,0.7249
57,Borussia Dortmund,Freiburg,2-0,0.0973,2-1,0.0952,1-1,0.0879,2.3539,1.0058
58,Borussia Dortmund,Hamburger SV,2-0,0.1137,2-1,0.0945,3-0,0.0854,2.3627,0.8704
59,Borussia Dortmund,Hoffenheim,2-1,0.0939,2-0,0.0807,1-1,0.0804,2.5335,1.1693
60,Borussia Dortmund,Koln,2-0,0.1005,2-1,0.0929,3-0,0.0859,2.5189,0.9114
61,Borussia Dortmund,Mainz,2-1,0.1014,2-0,0.0983,1-1,0.0968,2.154,1.019
62,Borussia Dortmund,Paderborn,2-0,0.1295,3-0,0.1151,1-0,0.093,2.5618,0.6531
63,Borussia Dortmund,RB Leipzig,1-1,0.1077,2-1,0.1015,2-0,0.0703,1.9406,1.3268
64,Borussia Dortmund,Schalke,2-0,0.0976,3-0,0.0938,2-1,0.0882,2.9017,0.8302
65,Borussia Dortmund,Stuttgart,1-1,0.0969,2-1,0.0956,2-0,0.0688,2.09,1.3948
66,Borussia Dortmund,Union Berlin,2-0,0.1137,2-1,0.1003,1-0,0.0958,2.1988,0.87
67,Borussia Dortmund,Werder Bremen,2-0,0.1047,2-1,0.0913,1-1,0.0843,2.4517,0.9597
68,Borussia Monchengladbach,Augsburg,1-1,0.1203,2-1,0.0987,2-0,0.0835,1.7749,1.1854
69,Borussia Monchengladbach,Bayer Leverkusen,1-1,0.1054,1-2,0.0951,0-2,0.0724,1.3007,1.9753
70,Borussia Monchengladbach,Bayern Munich,1-3,0.0831,1-2,0.0818,0-2,0.0708,1.1888,2.8888
71,Borussia Monchengladbach,Borussia Dortmund,1-1,0.1093,1-2,0.0953,0-2,0.0732,1.2879,2.0138
72,Borussia Monchengladbach,Eintracht Frankfurt,1-1,0.111,1-2,0.0846,2-1,0.0818,1.6168,1.6247
73,Borussia Monchengladbach,Elversberg,1-1,0.1198,1-0,0.1143,2-0,0.1076,1.703,0.9163
74,Borussia Monchengladbach,Freiburg,1-1,0.1219,2-1,0.0887,1-2,0.0802,1.6266,1.4419
75,Borussia Monchengladbach,Hamburger SV,1-1,0.1211,2-1,0.095,1-0,0.09,1.617,1.1481
76,Borussia Monchengladbach,Hoffenheim,1-1,0.0974,2-1,0.0914,1-2,0.0754,1.8209,1.578
77,Borussia Monchengladbach,Koln,1-1,0.1227,2-1,0.0907,2-0,0.0806,1.7898,1.2598
78,Borussia Monchengladbach,Mainz,1-1,0.132,2-1,0.0904,1-0,0.0744,1.5356,1.3644
79,Borussia Monchengladbach,Paderborn,1-0,0.1291,1-1,0.1222,2-0,0.1184,1.7544,0.7908
80,Borussia Monchengladbach,RB Leipzig,1-1,0.1172,1-2,0.0875,2-1,0.0703,1.3808,1.7416
81,Borussia Monchengladbach,Schalke,1-1,0.102,2-1,0.0946,2-0,0.0919,2.0938,1.0651
82,Borussia Monchengladbach,Stuttgart,1-1,0.1033,1-2,0.0936,2-1,0.0717,1.4919,1.8723
83,Borussia Monchengladbach,Union Berlin,1-1,0.1325,2-1,0.0898,1-0,0.0847,1.5673,1.2267
84,Borussia Monchengladbach,Werder Bremen,1-1,0.1151,2-1,0.092,2-0,0.0767,1.7228,1.2394
85,Eintracht Frankfurt,Augsburg,1-1,0.107,2-1,0.0975,2-0,0.0902,1.9616,1.1099
86,Eintracht Frankfurt,Bayer Leverkusen,1-1,0.1046,1-2,0.0889,2-1,0.0698,1.5179,1.9275
87,Eintracht Frankfurt,Bayern Munich,1-2,0.0816,1-3,0.079,1-1,0.0691,1.3704,2.7058
88,Eintracht Frankfurt,Borussia Dortmund,1-1,0.1008,1-2,0.0902,2-1,0.0746,1.5477,1.9207
89,Eintracht Frankfurt,Borussia Monchengladbach,1-1,0.1048,2-1,0.0957,2-0,0.0762,2.0128,1.2686
90,Eintracht Frankfurt,Elversberg,2-0,0.1212,1-0,0.1095,1-1,0.1076,2.008,0.8285
91,Eintracht Frankfurt,Freiburg,1-1,0.1087,2-1,0.0925,2-0,0.0693,1.9077,1.3696
92,Eintracht Frankfurt,Hamburger SV,1-1,0.1119,2-1,0.1032,2-0,0.0881,1.8663,1.1268
93,Eintracht Frankfurt,Hoffenheim,1-1,0.0951,2-1,0.0901,1-2,0.0677,2.0766,1.5115
94,Eintracht Frankfurt,Koln,1-1,0.1052,2-1,0.1024,2-0,0.0874,2.0223,1.1566
95,Eintracht Frankfurt,Mainz,1-1,0.1205,2-1,0.0948,2-0,0.0793,1.7591,1.2675
96,Eintracht Frankfurt,Paderborn,2-0,0.1321,1-0,0.1208,1-1,0.1061,2.0257,0.7221
97,Eintracht Frankfurt,RB Leipzig,1-1,0.1103,1-2,0.0827,2-1,0.076,1.5938,1.7389
98,Eintracht Frankfurt,Schalke,2-0,0.1006,1-1,0.0976,2-1,0.0953,2.3467,0.9809
99,Eintracht Frankfurt,Stuttgart,1-1,0.1024,2-1,0.0806,1-2,0.0805,1.716,1.7804
100,Eintracht Frankfurt,Union Berlin,1-1,0.1209,2-1,0.0969,1-0,0.0845,1.8036,1.146
101,Eintracht Frankfurt,Werder Bremen,1-1,0.1122,2-1,0.095,2-0,0.0881,1.962,1.1519
102,Elversberg,Augsburg,1-1,0.1451,0-1,0.1108,0-0,0.1029,1.0996,1.2796
103,Elversberg,Bayer Leverkusen,0-2,0.127,0-1,0.1074,1-1,0.0999,0.8227,2.0572
104,Elversberg,Bayern Munich,0-2,0.1064,0-3,0.1019,1-2,0.0839,0.7634,2.9669
105,Elversberg,Borussia Dortmund,0-2,0.1123,1-1,0.1067,1-2,0.0975,0.8624,2.1316
106,Elversberg,Borussia Monchengladbach,1-1,0.1356,0-1,0.0978,1-2,0.091,1.1212,1.4499
107,Elversberg,Eintracht Frankfurt,1-1,0.1279,0-1,0.102,1-2,0.0991,1.0164,1.6978
108,Elversberg,Freiburg,1-1,0.134,0-1,0.1029,0-2,0.0977,1.0187,1.5413
109,Elversberg,Hamburger SV,1-1,0.1467,0-1,0.1086,0-0,0.1036,1.0967,1.2698
110,Elversberg,Hoffenheim,1-1,0.1287,1-2,0.0949,0-1,0.0867,1.153,1.6688
111,Elversberg,Koln,1-1,0.144,0-1,0.0979,0-0,0.0913,1.1655,1.3447
112,Elversberg,Mainz,1-1,0.1384,0-1,0.1179,0-0,0.1039,0.9734,1.4128
113,Elversberg,Paderborn,1-0,0.1506,0-0,0.1488,1-1,0.1386,1.1861,0.8082
114,Elversberg,RB Leipzig,0-1,0.1159,1-1,0.1142,0-2,0.1063,0.8819,1.8149
115,Elversberg,Schalke,1-1,0.142,1-0,0.1,0-0,0.0974,1.343,1.1687
116,Elversberg,Stuttgart,0-2,0.1101,1-1,0.1076,0-1,0.1034,0.9485,1.9007
117,Elversberg,Union Berlin,1-1,0.1415,0-1,0.1152,0-0,0.1071,1.0015,1.3422
118,Elversberg,Werder Bremen,1-1,0.1404,0-0,0.1018,0-1,0.1007,1.1384,1.3307
119,Freiburg,Augsburg,1-1,0.1211,2-1,0.0941,1-0,0.0929,1.7189,1.1419
120,Freiburg,Bayer Leverkusen,1-1,0.1061,1-2,0.091,0-2,0.0752,1.3487,1.9233
121,Freiburg,Bayern Munich,1-2,0.0922,1-3,0.086,0-2,0.0732,1.1988,2.7055
122,Freiburg,Borussia Dortmund,1-1,0.1061,1-2,0.093,0-2,0.0691,1.3684,1.9244
123,Freiburg,Borussia Monchengladbach,1-1,0.1219,2-1,0.0942,1-0,0.0774,1.7563,1.2571
124,Freiburg,Eintracht Frankfurt,1-1,0.1147,2-1,0.0871,1-2,0.0783,1.6383,1.5042
125,Freiburg,Elversberg,1-0,0.1315,1-1,0.1251,2-0,0.1145,1.6679,0.8069
126,Freiburg,Hamburger SV,1-1,0.1316,1-0,0.0992,2-1,0.0971,1.6197,1.089
127,Freiburg,Hoffenheim,1-1,0.1071,2-1,0.0885,1-2,0.0754,1.8056,1.501
128,Freiburg,Koln,1-1,0.1191,2-1,0.0972,1-0,0.0888,1.7589,1.1519
129,Freiburg,Mainz,1-1,0.1262,2-1,0.089,1-0,0.0831,1.509,1.3089
130,Freiburg,Paderborn,1-0,0.1432,2-0,0.1273,1-1,0.1209,1.6932,0.7064
131,Freiburg,RB Leipzig,1-1,0.1199,1-2,0.1009,2-1,0.0746,1.391,1.7166
132,Freiburg,Schalke,2-0,0.105,2-1,0.0986,1-1,0.0977,2.0684,0.9518
133,Freiburg,Stuttgart,1-1,0.1087,1-2,0.0915,2-1,0.0753,1.5156,1.7458
134,Freiburg,Union Berlin,1-1,0.1285,1-0,0.0974,2-1,0.0929,1.5335,1.1544
135,Freiburg,Werder Bremen,1-1,0.1233,2-1,0.0966,1-0,0.0911,1.7034,1.1016
136,Hamburger SV,Augsburg,1-1,0.1358,1-0,0.0941,2-1,0.0901,1.4391,1.1445
137,Hamburger SV,Bayer Leverkusen,1-1,0.1204,1-2,0.0973,0-1,0.0885,1.099,1.9195
138,Hamburger SV,Bayern Munich,1-2,0.0934,0-3,0.0838,0-2,0.0833,0.9767,2.7784
139,Hamburger SV,Borussia Dortmund,1-1,0.1096,1-2,0.1029,0-2,0.0952,1.0523,1.9351
140,Hamburger SV,Borussia Monchengladbach,1-1,0.1335,1-0,0.0878,2-1,0.0857,1.4401,1.254
141,Hamburger SV,Eintracht Frankfurt,1-1,0.1246,1-2,0.0862,2-1,0.0799,1.3659,1.551
142,Hamburger SV,Elversberg,1-1,0.1382,1-0,0.135,0-0,0.1192,1.3894,0.8429
143,Hamburger SV,Freiburg,1-1,0.1325,1-2,0.0818,2-1,0.0816,1.3489,1.3759
144,Hamburger SV,Hoffenheim,1-1,0.1219,1-2,0.0913,2-1,0.0833,1.5115,1.5861
145,Hamburger SV,Koln,1-1,0.1305,2-1,0.0904,1-0,0.0779,1.5386,1.2651
146,Hamburger SV,Mainz,1-1,0.1451,0-1,0.0962,0-0,0.0937,1.2086,1.2739
147,Hamburger SV,Paderborn,1-0,0.1518,1-1,0.1286,0-0,0.12,1.4622,0.7559
148,Hamburger SV,RB Leipzig,1-1,0.1174,1-2,0.0966,0-1,0.0883,1.1126,1.7519
149,Hamburger SV,Schalke,1-1,0.123,2-1,0.0999,2-0,0.0945,1.8064,1.0387
150,Hamburger SV,Stuttgart,1-1,0.1133,1-2,0.0972,0-1,0.082,1.2217,1.8234
151,Hamburger SV,Union Berlin,1-1,0.1362,1-0,0.0994,0-0,0.0965,1.3528,1.1587
152,Hamburger SV,Werder Bremen,1-1,0.1353,2-1,0.09,1-0,0.0877,1.4325,1.2191
153,Hoffenheim,Augsburg,1-1,0.1171,2-1,0.1014,2-0,0.0838,1.9112,1.1855
154,Hoffenheim,Bayer Leverkusen,1-1,0.1043,1-2,0.0865,2-2,0.0705,1.5283,2.0076
155,Hoffenheim,Bayern Munich,1-3,0.0811,1-2,0.077,0-3,0.0614,1.3636,2.8901
156,Hoffenheim,Borussia Dortmund,1-2,0.0913,1-1,0.0876,2-2,0.0682,1.54,2.0989
157,Hoffenheim,Borussia Monchengladbach,1-1,0.1052,2-1,0.093,2-0,0.0674,1.9923,1.3801
158,Hoffenheim,Eintracht Frankfurt,1-1,0.103,2-1,0.0906,1-2,0.0691,1.868,1.6175
159,Hoffenheim,Elversberg,1-1,0.1115,2-0,0.1087,1-0,0.1011,1.9276,0.9105
160,Hoffenheim,Freiburg,1-1,0.1069,2-1,0.0964,1-2,0.0696,1.8875,1.4232
161,Hoffenheim,Hamburger SV,1-1,0.1163,2-1,0.1041,2-0,0.0863,1.8539,1.1303
162,Hoffenheim,Koln,1-1,0.1092,2-1,0.096,2-0,0.0792,1.9603,1.2283
163,Hoffenheim,Mainz,1-1,0.1191,2-1,0.0891,1-2,0.0741,1.6749,1.37
164,Hoffenheim,Paderborn,2-0,0.1159,1-1,0.1099,1-0,0.1028,1.9867,0.8143
165,Hoffenheim,RB Leipzig,1-1,0.1049,1-2,0.0851,2-1,0.0793,1.6003,1.8006
166,Hoffenheim,Schalke,2-0,0.0979,2-1,0.0952,1-1,0.0889,2.3627,1.0295
167,Hoffenheim,Stuttgart,1-1,0.0982,2-1,0.0823,1-2,0.0816,1.7055,1.8365
168,Hoffenheim,Union Berlin,1-1,0.1206,2-1,0.0997,1-0,0.0829,1.7456,1.2186
169,Hoffenheim,Werder Bremen,1-1,0.1157,2-1,0.0905,2-0,0.0799,1.9486,1.2282
170,Koln,Augsburg,1-1,0.1381,1-0,0.0887,2-1,0.0861,1.5437,1.1807
171,Koln,Bayer Leverkusen,1-1,0.1062,1-2,0.0945,0-2,0.0897,1.142,2.0129
172,Koln,Bayern Munich,1-3,0.0848,1-2,0.0797,0-2,0.0781,1.0569,2.8831
173,Koln,Borussia Dortmund,1-1,0.1072,1-2,0.1037,0-2,0.0821,1.1559,2.0223
174,Koln,Borussia Monchengladbach,1-1,0.1177,2-1,0.0893,1-2,0.0803,1.5344,1.4244
175,Koln,Eintracht Frankfurt,1-1,0.1157,1-2,0.088,2-1,0.0793,1.4535,1.6343
176,Koln,Elversberg,1-1,0.1389,1-0,0.1202,0-0,0.1002,1.5093,0.9214
177,Koln,Freiburg,1-1,0.1223,1-2,0.0934,2-1,0.0852,1.4391,1.5001
178,Koln,Hamburger SV,1-1,0.1347,1-0,0.0935,2-1,0.0877,1.4417,1.1801
179,Koln,Hoffenheim,1-1,0.1115,2-1,0.0859,1-2,0.0857,1.6166,1.6033
180,Koln,Mainz,1-1,0.137,1-2,0.0829,0-0,0.0826,1.335,1.3519
181,Koln,Paderborn,1-0,0.1329,1-1,0.1281,2-0,0.1146,1.5706,0.825
182,Koln,RB Leipzig,1-1,0.113,1-2,0.0982,0-2,0.083,1.2033,1.8468
183,Koln,Schalke,1-1,0.1144,2-1,0.1013,2-0,0.0876,1.8499,1.0916
184,Koln,Stuttgart,1-1,0.1087,1-2,0.0942,0-2,0.0717,1.3186,1.849
185,Koln,Union Berlin,1-1,0.1342,1-0,0.0888,0-0,0.0838,1.3392,1.2693
186,Koln,Werder Bremen,1-1,0.1315,2-1,0.088,1-0,0.0812,1.5098,1.2836
187,Mainz,Augsburg,1-1,0.1272,1-0,0.1044,2-1,0.0928,1.6414,1.0392
188,Mainz,Bayer Leverkusen,1-1,0.1292,1-2,0.1002,0-1,0.0753,1.2603,1.6815
189,Mainz,Bayern Munich,1-2,0.0907,1-1,0.0813,1-3,0.0779,1.1523,2.4657
190,Mainz,Borussia Dortmund,1-1,0.1178,1-2,0.0982,0-2,0.0751,1.2565,1.7575
191,Mainz,Borussia Monchengladbach,1-1,0.1265,2-1,0.0922,1-0,0.0815,1.6451,1.2089
192,Mainz,Eintracht Frankfurt,1-1,0.1246,2-1,0.0915,1-2,0.0753,1.5633,1.3913
193,Mainz,Elversberg,1-1,0.1311,1-0,0.1267,2-0,0.1159,1.6309,0.8388
194,Mainz,Freiburg,1-1,0.1281,2-1,0.0862,1-2,0.0793,1.5482,1.2926
195,Mainz,Hamburger SV,1-1,0.132,1-0,0.098,2-1,0.0925,1.5617,1.0744
196,Mainz,Hoffenheim,1-1,0.1167,2-1,0.09,1-2,0.0725,1.7316,1.3704
197,Mainz,Koln,1-1,0.1248,2-1,0.096,1-0,0.0955,1.6927,1.1118
198,Mainz,Paderborn,1-0,0.1376,1-1,0.1235,2-0,0.1218,1.6863,0.7526
199,Mainz,RB Leipzig,1-1,0.1246,1-2,0.0871,2-1,0.0766,1.3296,1.5189
200,Mainz,Schalke,1-1,0.1084,2-0,0.1078,2-1,0.106,2.0051,0.9241
201,Mainz,Stuttgart,1-1,0.1291,1-2,0.0836,2-1,0.0813,1.4247,1.5495
202,Mainz,Union Berlin,1-1,0.1372,1-0,0.0955,2-1,0.0889,1.4425,1.1561
203,Mainz,Werder Bremen,1-1,0.125,2-1,0.0988,1-0,0.0963,1.6348,1.1191
204,Paderborn,Augsburg,1-1,0.1378,0-1,0.1253,0-0,0.1127,0.9389,1.3527
205,Paderborn,Bayer Leverkusen,0-2,0.1248,0-1,0.1111,1-1,0.0971,0.7415,2.154
206,Paderborn,Bayern Munich,0-3,0.1154,0-2,0.1078,0-4,0.0859,0.6951,3.0694
207,Paderborn,Borussia Dortmund,0-2,0.1162,0-1,0.1026,1-2,0.0986,0.7841,2.2018
208,Paderborn,Borussia Monchengladbach,1-1,0.1402,0-1,0.1075,1-2,0.0943,1.0191,1.4979
209,Paderborn,Eintracht Frankfurt,1-1,0.1236,0-1,0.1108,0-2,0.1048,0.9194,1.7702
210,Paderborn,Elversberg,0-0,0.1602,1-1,0.1459,1-0,0.1379,0.9715,0.9082
211,Paderborn,Freiburg,1-1,0.1318,0-1,0.1166,0-2,0.1047,0.8996,1.6238
212,Paderborn,Hamburger SV,1-1,0.1518,0-1,0.1179,0-0,0.109,0.9983,1.3015
213,Paderborn,Hoffenheim,1-1,0.1207,1-2,0.099,0-1,0.0939,1.0478,1.7187
214,Paderborn,Koln,1-1,0.1339,0-1,0.1147,0-0,0.1047,1.0001,1.3887
215,Paderborn,Mainz,1-1,0.1339,0-1,0.1317,0-0,0.1088,0.8516,1.5049
216,Paderborn,RB Leipzig,0-2,0.1239,0-1,0.1202,1-1,0.1174,0.7935,1.9004
217,Paderborn,Schalke,1-1,0.1444,0-0,0.1056,1-0,0.0955,1.1851,1.2126
218,Paderborn,Stuttgart,0-2,0.1176,0-1,0.1077,1-2,0.1035,0.8347,2.0195
219,Paderborn,Union Berlin,1-1,0.134,0-1,0.1298,0-0,0.1201,0.8862,1.3606
220,Paderborn,Werder Bremen,1-1,0.1433,0-1,0.1181,0-0,0.1065,0.9634,1.3941
221,RB Leipzig,Augsburg,2-0,0.1113,2-1,0.1007,1-1,0.098,2.1749,0.9149
222,RB Leipzig,Bayer Leverkusen,1-1,0.1128,2-1,0.0888,1-2,0.0799,1.6718,1.5446
223,RB Leipzig,Bayern Munich,1-2,0.091,1-1,0.0886,2-2,0.0643,1.5075,2.1764
224,RB Leipzig,Borussia Dortmund,1-1,0.1092,2-1,0.0888,1-2,0.0751,1.7542,1.5661
225,RB Leipzig,Borussia Monchengladbach,1-1,0.1068,2-1,0.0965,2-0,0.0919,2.1678,1.0925
226,RB Leipzig,Eintracht Frankfurt,2-1,0.0976,1-1,0.0933,2-0,0.073,2.1433,1.2985
227,RB Leipzig,Elversberg,2-0,0.1248,1-0,0.102,2-1,0.0951,2.2784,0.7559
228,RB Leipzig,Freiburg,1-1,0.1004,2-1,0.0988,2-0,0.0819,2.1531,1.162
229,RB Leipzig,Hamburger SV,2-0,0.1056,1-1,0.103,2-1,0.101,2.0963,0.9341
230,RB Leipzig,Hoffenheim,2-1,0.0985,1-1,0.0905,2-0,0.0853,2.3232,1.1918
231,RB Leipzig,Koln,2-0,0.1075,2-1,0.0997,1-1,0.0884,2.3234,0.9588
232,RB Leipzig,Mainz,1-1,0.1112,2-1,0.0993,2-0,0.0954,2.0041,1.0578
233,RB Leipzig,Paderborn,2-0,0.1284,1-0,0.1096,3-0,0.1086,2.3333,0.6775
234,RB Leipzig,Schalke,2-0,0.1059,3-0,0.095,2-1,0.0884,2.6358,0.8492
235,RB Leipzig,Stuttgart,1-1,0.1035,2-1,0.0934,2-2,0.0655,1.9138,1.4415
236,RB Leipzig,Union Berlin,1-1,0.111,2-0,0.1045,2-1,0.1004,2.0389,0.9905
237,RB Leipzig,Werder Bremen,1-1,0.1056,2-1,0.1034,2-0,0.0986,2.1399,1.0015
238,Schalke,Augsburg,1-1,0.1324,1-2,0.0911,0-1,0.087,1.2385,1.4538
239,Schalke,Bayer Leverkusen,0-2,0.1051,1-2,0.0949,1-1,0.0848,0.9576,2.3985
240,Schalke,Bayern Munich,0-3,0.0869,0-2,0.0805,1-3,0.0792,0.8733,3.4329
241,Schalke,Borussia Dortmund,0-2,0.1091,1-2,0.0995,1-1,0.0874,0.9568,2.3591
242,Schalke,Borussia Monchengladbach,1-1,0.1292,1-2,0.0925,0-1,0.0819,1.2471,1.6597
243,Schalke,Eintracht Frankfurt,1-1,0.1069,1-2,0.0963,0-2,0.0818,1.2005,1.9637
244,Schalke,Elversberg,1-1,0.1474,1-0,0.1134,0-0,0.1056,1.2761,1.0629
245,Schalke,Freiburg,1-1,0.1246,1-2,0.0949,0-1,0.0848,1.1822,1.7219
246,Schalke,Hamburger SV,1-1,0.1385,1-2,0.0921,0-1,0.0894,1.2189,1.4157
247,Schalke,Hoffenheim,1-1,0.1089,1-2,0.0958,0-2,0.0698,1.3243,1.8801
248,Schalke,Koln,1-1,0.1264,1-2,0.0867,0-1,0.0832,1.2876,1.5063
249,Schalke,Mainz,1-1,0.1275,1-2,0.0961,0-1,0.0938,1.1133,1.6322
250,Schalke,Paderborn,1-1,0.1381,1-0,0.1336,0-0,0.1196,1.3062,0.9194
251,Schalke,RB Leipzig,1-1,0.1051,1-2,0.0996,0-2,0.096,1.0135,2.1803
252,Schalke,Stuttgart,1-2,0.1019,1-1,0.0931,0-2,0.0869,1.1217,2.2284
253,Schalke,Union Berlin,1-1,0.1375,0-1,0.0961,1-2,0.0882,1.1566,1.4471
254,Schalke,Werder Bremen,1-1,0.1259,1-2,0.0911,0-1,0.0846,1.2565,1.5052
255,Stuttgart,Augsburg,2-0,0.1048,2-1,0.0981,1-1,0.0949,2.2066,0.9786
256,Stuttgart,Bayer Leverkusen,1-1,0.1167,2-1,0.0866,1-2,0.0816,1.6535,1.6598
257,Stuttgart,Bayern Munich,1-2,0.0889,1-1,0.0822,1-3,0.0695,1.4972,2.3839
258,Stuttgart,Borussia Dortmund,1-1,0.1066,1-2,0.0838,2-1,0.0807,1.7221,1.7035
259,Stuttgart,Borussia Monchengladbach,2-1,0.0991,1-1,0.0956,2-0,0.0835,2.2089,1.1442
260,Stuttgart,Eintracht Frankfurt,1-1,0.0952,2-1,0.0928,2-0,0.0717,2.0757,1.3778
261,Stuttgart,Elversberg,2-0,0.1258,1-0,0.1055,1-1,0.096,2.1706,0.7791
262,Stuttgart,Freiburg,1-1,0.1019,2-1,0.0984,2-0,0.0838,2.1333,1.206
263,Stuttgart,Hamburger SV,1-1,0.1026,2-0,0.0986,2-1,0.0947,2.0651,0.9829
264,Stuttgart,Hoffenheim,1-1,0.0931,2-1,0.0893,2-0,0.0707,2.2954,1.317
265,Stuttgart,Koln,2-1,0.0996,2-0,0.0965,1-1,0.092,2.2938,1.032
266,Stuttgart,Mainz,1-1,0.1172,2-1,0.0995,2-0,0.0863,1.8737,1.1282
267,Stuttgart,Paderborn,2-0,0.1335,1-0,0.1145,3-0,0.0992,2.2798,0.6979
268,Stuttgart,RB Leipzig,1-1,0.1119,2-1,0.0912,1-2,0.0783,1.7627,1.4933
269,Stuttgart,Schalke,2-0,0.0995,3-0,0.0885,2-1,0.0872,2.6236,0.898
270,Stuttgart,Union Berlin,1-1,0.1091,2-1,0.1024,2-0,0.0971,2.0589,1.0113
271,Stuttgart,Werder Bremen,1-1,0.1009,2-1,0.0989,2-0,0.0934,2.1097,1.0764
272,Union Berlin,Augsburg,1-1,0.1363,1-0,0.1051,0-0,0.0955,1.454,1.062
273,Union Berlin,Bayer Leverkusen,1-1,0.12,1-2,0.0975,0-1,0.0948,1.0782,1.7546
274,Union Berlin,Bayern Munich,0-2,0.0979,1-2,0.0917,0-3,0.0838,0.991,2.5784
275,Union Berlin,Borussia Dortmund,1-1,0.1177,1-2,0.0986,0-2,0.0935,1.0817,1.821
276,Union Berlin,Borussia Monchengladbach,1-1,0.1357,2-1,0.0864,1-0,0.0839,1.4215,1.2495
277,Union Berlin,Eintracht Frankfurt,1-1,0.1312,1-2,0.0895,0-0,0.0842,1.2974,1.4132
278,Union Berlin,Elversberg,1-1,0.1362,1-0,0.1353,0-0,0.1199,1.4108,0.8522
279,Union Berlin,Freiburg,1-1,0.1401,1-0,0.0916,0-0,0.0857,1.3215,1.2497
280,Union Berlin,Hamburger SV,1-1,0.1473,1-0,0.1079,0-0,0.1034,1.3402,1.0492
281,Union Berlin,Hoffenheim,1-1,0.1281,2-1,0.0869,1-2,0.0779,1.5022,1.412
282,Union Berlin,Koln,1-1,0.1355,1-0,0.1,2-1,0.0907,1.4833,1.1126
283,Union Berlin,Mainz,1-1,0.1402,1-0,0.1008,0-0,0.0978,1.2322,1.2064
284,Union Berlin,Paderborn,1-0,0.147,1-1,0.1333,0-0,0.1176,1.4616,0.7598
285,Union Berlin,RB Leipzig,1-1,0.1282,0-1,0.0965,1-2,0.0948,1.1296,1.5824
286,Union Berlin,Schalke,1-1,0.1277,1-0,0.1043,2-0,0.0986,1.7018,0.9638
287,Union Berlin,Stuttgart,1-1,0.1241,1-2,0.088,0-1,0.0841,1.2301,1.641
288,Union Berlin,Werder Bremen,1-1,0.1413,1-0,0.0977,0-0,0.0957,1.3572,1.1395
289,Werder Bremen,Augsburg,1-1,0.1318,2-1,0.0914,1-0,0.0848,1.6292,1.1756
290,Werder Bremen,Bayer Leverkusen,1-1,0.1091,1-2,0.102,0-2,0.0929,1.1308,1.9947
291,Werder Bremen,Bayern Munich,0-2,0.0891,1-2,0.0856,1-3,0.0842,1.0534,2.7607
292,Werder Bremen,Borussia Dortmund,1-1,0.1107,1-2,0.0991,0-2,0.0856,1.1474,1.9799
293,Werder Bremen,Borussia Monchengladbach,1-1,0.1245,2-1,0.0907,1-2,0.0745,1.609,1.3702
294,Werder Bremen,Eintracht Frankfurt,1-1,0.1242,1-2,0.0876,2-1,0.0788,1.4711,1.6326
295,Werder Bremen,Elversberg,1-1,0.1286,1-0,0.1257,2-0,0.1085,1.542,0.8832
296,Werder Bremen,Freiburg,1-1,0.1262,2-1,0.0864,1-2,0.0803,1.4824,1.4129
297,Werder Bremen,Hamburger SV,1-1,0.1315,1-0,0.0921,2-1,0.0853,1.5286,1.1713
298,Werder Bremen,Hoffenheim,1-1,0.1179,1-2,0.0787,2-1,0.0775,1.6112,1.6166
299,Werder Bremen,Koln,1-1,0.1223,2-1,0.0927,1-0,0.0817,1.6105,1.2531
300,Werder Bremen,Mainz,1-1,0.1304,1-2,0.0889,2-1,0.0812,1.3813,1.3619
301,Werder Bremen,Paderborn,1-0,0.1364,1-1,0.1271,2-0,0.1229,1.6117,0.771
302,Werder Bremen,RB Leipzig,1-1,0.12,1-2,0.0962,0-1,0.0836,1.2187,1.7791
303,Werder Bremen,Schalke,1-1,0.112,2-1,0.1004,2-0,0.0918,1.8901,1.0594
304,Werder Bremen,Stuttgart,1-1,0.1083,1-2,0.1048,0-2,0.0694,1.3353,1.8394
305,Werder Bremen,Union Berlin,1-1,0.1401,1-0,0.0934,2-1,0.0863,1.4076,1.1925
